Adj Close,Close,Date,High,Low,Open,Volume
9.285634994506836,9.618976593017578,2015-10-19 13:30:00,10.752330780029297,9.578292846679688,10.752330780029297,2721200
9.465176582336426,9.804963111877441,2015-10-20 13:30:00,9.839835166931152,9.44461441040039,9.44461441040039,1220800
9.246359825134277,9.578292846679688,2015-10-21 13:30:00,10.083942413330078,9.531795501708984,10.025821685791016,135200
9.510061264038086,9.851459503173828,2015-10-22 13:30:00,9.90958023071289,9.438802719116211,9.711970329284668,189200
9.538113594055176,9.88051986694336,2015-10-23 13:30:00,10.025821685791016,9.793338775634766,10.025821685791016,102900
9.212696075439453,9.54341983795166,2015-10-26 13:30:00,9.944453239440918,9.479487419128418,9.944453239440918,885600
8.8255615234375,9.142387390136719,2015-10-27 13:30:00,9.735218048095703,9.0668306350708,9.624789237976074,1094200
9.134147644042969,9.462051391601562,2015-10-28 13:30:00,9.502735137939453,9.20922565460205,9.241191864013672,509700
8.948995590209961,9.270252227783203,2015-10-29 13:30:00,9.456238746643066,9.03777027130127,9.30512523651123,499600
8.258885383605957,8.555368423461914,2015-10-30 13:30:00,9.357433319091797,8.555368423461914,9.241191864013672,4214100
8.129839897155762,8.421689987182617,2015-11-02 14:30:00,8.816910743713379,8.055529594421387,8.71229362487793,70312600
8.056901931762695,8.3461332321167,2015-11-03 14:30:00,8.549555778503418,7.948006629943848,8.177583694458008,69176300
7.66415548324585,7.93928861618042,2015-11-04 14:30:00,8.433314323425293,7.910228252410889,8.363569259643555,54241800
7.450950622558594,7.718430042266846,2015-11-05 14:30:00,8.072966575622559,7.625436782836914,7.927664279937744,38179900
8.07934284210205,8.36938190460205,2015-11-06 14:30:00,8.415878295898438,7.6428728103637695,7.660309314727783,51702600
7.9671311378479,8.253140449523926,2015-11-09 14:30:00,8.415878295898438,8.212455749511719,8.288012504577637,30158000
8.084954261779785,8.37519359588623,2015-11-10 14:30:00,8.392629623413086,8.14271068572998,8.212455749511719,25426000
7.916634559631348,8.200831413269043,2015-11-11 14:30:00,8.317072868347168,8.189207077026367,8.253140449523926,18942200
7.68659782409668,7.962536811828613,2015-11-12 14:30:00,8.032281875610352,7.898603916168213,8.026469230651855,35050600
7.512667655944824,7.782362461090088,2015-11-13 14:30:00,7.997409343719482,7.6428728103637695,7.910228252410889,25678400
7.507057189941406,7.77655029296875,2015-11-16 14:30:00,7.910228252410889,7.637060642242432,7.77073860168457,23712100
7.4172868728637695,7.683557510375977,2015-11-17 14:30:00,7.84048318862915,7.625436782836914,7.77655029296875,21370500
7.652933597564697,7.927664279937744,2015-11-18 14:30:00,7.979972839355469,7.665539741516113,7.8346710205078125,22402400
7.731482982635498,8.009033203125,2015-11-19 14:30:00,8.072966575622559,7.857919692993164,7.863731384277344,22662200
7.97274112701416,8.258952140808105,2015-11-20 14:30:00,8.503059387207031,7.9509124755859375,8.009033203125,31932300
7.770758628845215,8.049717903137207,2015-11-23 14:30:00,8.258952140808105,7.886980056762695,8.23570442199707,26354200
7.6809868812561035,7.956724643707275,2015-11-24 14:30:00,8.151429176330566,7.846295356750488,7.892791748046875,41484100
7.92224645614624,8.206644058227539,2015-11-25 14:30:00,8.636736869812012,8.043906211853027,8.084589958190918,39017100
8.051290512084961,8.34032154083252,2015-11-27 14:30:00,8.508871078491211,8.165959358215332,8.206644058227539,10395000
8.337432861328125,8.636736869812012,2015-11-30 14:30:00,8.718106269836426,8.24151611328125,8.270576477050781,50075500
8.758233070373535,9.07264232635498,2015-12-01 14:30:00,9.229568481445312,8.630925178527832,8.648361206054688,43197200
8.387929916381836,8.689045906066895,2015-12-02 14:30:00,9.031957626342773,8.642549514770508,8.933152198791504,21818500
8.202779769897461,8.497247695922852,2015-12-03 14:30:00,8.915716171264648,8.4739990234375,8.718106269836426,32527300
8.539417266845703,8.84597110748291,2015-12-04 14:30:00,8.889561653137207,8.276388168334961,8.363569259643555,20648400
8.699905395507812,8.979649543762207,2015-12-07 14:30:00,8.997085571289062,8.671609878540039,8.718106269836426,16424400
8.542234420776367,8.816910743713379,2015-12-08 14:30:00,8.886655807495117,8.497247695922852,8.770414352416992,19988600
8.362043380737305,8.630925178527832,2015-12-09 14:30:00,8.94477653503418,8.532119750976562,8.71229362487793,24538300
8.288840293884277,8.555368423461914,2015-12-10 14:30:00,8.60767650604248,8.444938659667969,8.596052169799805,17466200
7.984767913818359,8.24151611328125,2015-12-11 14:30:00,8.950589179992676,8.218267440795898,8.71229362487793,18265700
8.131173133850098,8.392629623413086,2015-12-14 14:30:00,8.427502632141113,8.090402603149414,8.311261177062988,19834700
8.198744773864746,8.462374687194824,2015-12-15 14:30:00,8.70648193359375,8.418784141540527,8.433314323425293,22175600
8.277580261230469,8.543744087219238,2015-12-16 14:30:00,8.60767650604248,8.456562995910645,8.497247695922852,13490800
8.057969093322754,8.317072868347168,2015-12-17 14:30:00,8.555368423461914,8.264764785766602,8.491435050964355,13118600
7.973505020141602,8.229891777038574,2015-12-18 14:30:00,8.360663414001465,8.1368989944458,8.293825149536133,33271400
7.894670009613037,8.148523330688477,2015-12-21 14:30:00,8.36938190460205,8.061342239379883,8.206644058227539,16970300
7.917194366455078,8.171771049499512,2015-12-22 14:30:00,8.218267440795898,8.090402603149414,8.160146713256836,12547100
8.395830154418945,8.665797233581543,2015-12-23 14:30:00,8.700669288635254,8.165959358215332,8.24732780456543,19359600
8.457772254943848,8.729729652404785,2015-12-24 14:30:00,8.816910743713379,8.596052169799805,8.60767650604248,3748100
8.576022148132324,8.851783752441406,2015-12-28 14:30:00,8.880844116210938,8.613489151000977,8.654172897338867,10203800
8.55912971496582,8.83434772491455,2015-12-29 14:30:00,8.97209358215332,8.822723388671875,8.886655807495117,10797800
8.604178428649902,8.880844116210938,2015-12-30 14:30:00,8.997085571289062,8.80528736114502,8.886655807495117,10796700
8.55912971496582,8.83434772491455,2015-12-31 14:30:00,8.898280143737793,8.776226997375488,8.851783752441406,11420500
8.519713401794434,8.793663024902344,2016-01-04 14:30:00,8.80528736114502,8.566991806030273,8.700669288635254,25940400
8.463403701782227,8.735542297363281,2016-01-05 14:30:00,8.863408088684082,8.683233261108398,8.793663024902344,17770100
8.333890914916992,8.6018648147583,2016-01-06 14:30:00,8.718106269836426,8.433314323425293,8.497247695922852,19468100
7.720109462738037,7.968348979949951,2016-01-07 14:30:00,8.462374687194824,7.933476448059082,8.427502632141113,34143900
7.624382972717285,7.869543552398682,2016-01-08 14:30:00,8.148523330688477,7.735866069793701,8.00322151184082,28272000
7.466715335845947,7.70680570602417,2016-01-11 14:30:00,7.968348979949951,7.596376419067383,7.805610656738281,25998800
7.466715335845947,7.70680570602417,2016-01-12 14:30:00,7.799798965454102,7.6080002784729,7.7591142654418945,21435500
7.1795334815979,7.4103899002075195,2016-01-13 14:30:00,7.7591142654418945,7.282524585723877,7.7591142654418945,30489600
7.320308685302734,7.555691719055176,2016-01-14 14:30:00,7.654497146606445,7.352269172668457,7.4103899002075195,22973700
7.061282157897949,7.288336753845215,2016-01-15 14:30:00,7.439450263977051,7.259276390075684,7.323208808898926,33849000
6.937399387359619,7.160470962524414,2016-01-19 14:30:00,7.427826404571533,7.090726375579834,7.369705677032471,22239600
6.7909932136535645,7.00935697555542,2016-01-20 14:30:00,7.090726375579834,6.756532192230225,6.974484920501709,28630200
6.988079071044922,7.212779521942139,2016-01-21 14:30:00,7.288336753845215,6.869867324829102,6.974484920501709,28784100
7.517393589019775,7.7591142654418945,2016-01-22 14:30:00,7.805610656738281,7.352269172668457,7.381329536437988,26272600
7.511762619018555,7.753302097320557,2016-01-25 14:30:00,7.8753557205200195,7.625436782836914,7.724241733551025,19241600
7.658167839050293,7.904416084289551,2016-01-26 14:30:00,7.977066993713379,7.7591142654418945,7.7591142654418945,18454700
7.5399169921875,7.782362461090088,2016-01-27 14:30:00,7.910228252410889,7.529537677764893,7.863731384277344,31803600
7.427297592163086,7.666121006011963,2016-01-28 14:30:00,7.962536811828613,7.596376419067383,7.817234992980957,16989400
7.748264789581299,7.997409343719482,2016-01-29 14:30:00,8.067153930664062,7.7591142654418945,7.793986797332764,19548700
7.765158176422119,8.014845848083496,2016-02-01 14:30:00,8.067153930664062,7.863731384277344,7.945100784301758,16430600
7.573703289031982,7.817234992980957,2016-02-02 14:30:00,8.119462966918945,7.764926433563232,7.962536811828613,16650600
7.528655529022217,7.77073860168457,2016-02-03 14:30:00,8.00322151184082,7.619624614715576,7.93928861618042,12995300
7.798944473266602,8.049717903137207,2016-02-04 14:30:00,8.072966575622559,7.735866069793701,7.735866069793701,11181900
7.432928562164307,7.671933174133301,2016-02-05 14:30:00,7.9915971755981445,7.576034069061279,7.956724643707275,22758900
7.044388771057129,7.270900249481201,2016-02-08 14:30:00,7.584752082824707,7.189531326293945,7.555691719055176,25491500
7.162640571594238,7.392953872680664,2016-02-09 14:30:00,7.47432279586792,7.154658794403076,7.189531326293945,11504400
7.24147367477417,7.47432279586792,2016-02-10 14:30:00,7.596376419067383,7.387141704559326,7.422014236450195,10292600
6.982448577880859,7.206967830657959,2016-02-11 14:30:00,7.363893508911133,6.983202934265137,7.30577278137207,16920400
6.920507431030273,7.143034934997559,2016-02-12 14:30:00,7.433638572692871,7.079102039337158,7.265088081359863,18150700
6.943030834197998,7.166283130645752,2016-02-16 14:30:00,7.259276390075684,7.131410598754883,7.212779521942139,20606800
7.331571102142334,7.567316055297852,2016-02-17 14:30:00,7.637060642242432,7.189531326293945,7.201155662536621,14910600
7.6187520027160645,7.863731384277344,2016-02-18 14:30:00,7.962536811828613,7.567316055297852,7.584752082824707,20189000
7.6975860595703125,7.945100784301758,2016-02-19 14:30:00,7.985785007476807,7.700993537902832,7.852107524871826,16197900
7.77078914642334,8.020657539367676,2016-02-22 14:30:00,8.067153930664062,7.886980056762695,7.9915971755981445,18505500
7.370987415313721,7.6080002784729,2016-02-23 14:30:00,8.032281875610352,7.462698936462402,7.974161148071289,25200900
7.6187520027160645,7.863731384277344,2016-02-24 14:30:00,7.886980056762695,7.451074600219727,7.555691719055176,22757500
7.703217506408691,7.9509124755859375,2016-02-25 14:30:00,7.968348979949951,7.695181369781494,7.817234992980957,20784000
7.568072319030762,7.811422824859619,2016-02-26 14:30:00,8.020657539367676,7.6428728103637695,8.009033203125,18624500
7.47234582901001,7.712617874145508,2016-02-29 14:30:00,7.8346710205078125,7.671933174133301,7.735866069793701,21932300
7.4779767990112305,7.718430042266846,2016-03-01 14:30:00,7.828859329223633,7.6080002784729,7.799798965454102,14373700
7.827099323272705,8.078778266906738,2016-03-02 14:30:00,8.165959358215332,7.7591142654418945,7.77655029296875,17234100
7.658167839050293,7.904416084289551,2016-03-03 14:30:00,8.10783863067627,7.718430042266846,8.084589958190918,17256400
8.694272994995117,8.973836898803711,2016-03-04 14:30:00,9.206319808959961,8.613489151000977,8.659985542297363,57415700
9.024868965148926,9.281876564025879,2016-03-07 14:30:00,9.293500900268555,8.752978324890137,8.793663024902344,31792700
8.606684684753418,8.851783752441406,2016-03-08 14:30:00,9.17725944519043,8.83725357055664,9.154011726379395,21215200
8.75361442565918,9.002897262573242,2016-03-09 14:30:00,9.203413963317871,8.892468452453613,8.915716171264648,19045400
8.985311508178711,9.241191864013672,2016-03-10 14:30:00,9.421366691589355,9.020333290100098,9.03777027130127,24578200
9.228310585021973,9.491111755371094,2016-03-11 14:30:00,9.555044174194336,9.299312591552734,9.299312591552734,26984400
9.273519515991211,9.53760814666748,2016-03-14 13:30:00,9.630600929260254,9.322561264038086,9.41555404663086,16641800
9.476960182189941,9.746842384338379,2016-03-15 13:30:00,9.810774803161621,9.44461441040039,9.50854778289795,23974400
9.714308738708496,9.990949630737305,2016-03-16 13:30:00,10.01419734954834,9.64803695678711,9.711970329284668,21530900
9.697354316711426,9.97351360321045,2016-03-17 13:30:00,10.072318077087402,9.857272148132324,9.956076622009277,18699200
9.793424606323242,10.072318077087402,2016-03-18 13:30:00,10.217619895935059,9.927016258239746,9.979325294494629,53273300
10.008166313171387,10.293176651000977,2016-03-21 13:30:00,10.426855087280273,10.054882049560547,10.072318077087402,18463100
9.89514446258545,10.176936149597168,2016-03-22 13:30:00,10.508223533630371,10.078130722045898,10.118815422058105,19474000
9.866888999938965,10.147875785827637,2016-03-23 13:30:00,10.211808204650879,9.932828903198242,10.182747840881348,19674300
9.92905044555664,10.211808204650879,2016-03-24 13:30:00,10.252492904663086,9.944453239440918,10.118815422058105,15261200
9.89514446258545,10.176936149597168,2016-03-28 13:30:00,10.267023086547852,10.00838565826416,10.159499168395996,9518600
9.974260330200195,10.258304595947266,2016-03-29 13:30:00,10.275740623474121,10.00838565826416,10.095566749572754,10197000
10.109888076782227,10.397794723510742,2016-03-30 13:30:00,10.412324905395508,10.24668025970459,10.298989295959473,18156300
10.019468307495117,10.304800987243652,2016-03-31 13:30:00,10.438478469848633,10.176936149597168,10.368734359741211,17876200
10.398096084594727,10.694210052490234,2016-04-01 13:30:00,10.778485298156738,10.2059965133667,10.23505687713623,25550000
10.194655418395996,10.484975814819336,2016-04-04 13:30:00,10.723270416259766,10.421042442321777,10.723270416259766,13191400
9.951656341552734,10.23505687713623,2016-04-05 13:30:00,10.409418106079102,10.2059965133667,10.386170387268066,14280500
10.149444580078125,10.438478469848633,2016-04-06 13:30:00,10.450102806091309,10.147875785827637,10.258304595947266,17879800
10.025120735168457,10.310613632202148,2016-04-07 13:30:00,10.484975814819336,10.2437744140625,10.33967399597168,16196800
10.109888076782227,10.397794723510742,2016-04-08 13:30:00,10.633183479309082,10.351297378540039,10.37454605102539,12525200
10.019468307495117,10.304800987243652,2016-04-11 13:30:00,10.496599197387695,10.264116287231445,10.432666778564453,10114200
9.74256420135498,10.020009994506836,2016-04-12 13:30:00,10.322237014770508,9.985136985778809,10.293176651000977,15119900
9.889493942260742,10.171123504638672,2016-04-13 13:30:00,10.176936149597168,9.967700958251953,10.049070358276367,14182800
9.753866195678711,10.031634330749512,2016-04-14 13:30:00,10.11300277709961,9.915392875671387,10.089755058288574,11503900
9.83298110961914,10.11300277709961,2016-04-15 13:30:00,10.159499168395996,9.793338775634766,10.118815422058105,20409100
9.855586051940918,10.136251449584961,2016-04-18 13:30:00,10.162405967712402,9.961889266967773,10.00257396697998,9735000
9.74256420135498,10.020009994506836,2016-04-19 13:30:00,10.159499168395996,9.967700958251953,10.147875785827637,11079800
9.83298110961914,10.11300277709961,2016-04-20 13:30:00,10.171123504638672,9.921204566955566,9.921204566955566,9359900
9.866888999938965,10.147875785827637,2016-04-21 13:30:00,10.310613632202148,10.066506385803223,10.078130722045898,10272200
9.883843421936035,10.165311813354492,2016-04-22 13:30:00,10.287364959716797,10.072318077087402,10.136251449584961,13692100
9.72560977935791,10.00257396697998,2016-04-25 13:30:00,10.118815422058105,9.77590274810791,10.089755058288574,10051600
9.81037712097168,10.089755058288574,2016-04-26 13:30:00,10.150781631469727,10.01419734954834,10.025821685791016,10813800
9.782121658325195,10.060694694519043,2016-04-27 13:30:00,10.182747840881348,10.025821685791016,10.054882049560547,10948800
9.623888969421387,9.897955894470215,2016-04-28 13:30:00,10.10428524017334,9.834023475646973,9.979325294494629,8237200
9.41479778289795,9.682909965515137,2016-04-29 13:30:00,9.828211784362793,9.595728874206543,9.816587448120117,12195300
9.267866134643555,9.531795501708984,2016-05-02 13:30:00,9.735218048095703,9.462051391601562,9.682909965515137,14557900
9.002265930175781,9.258628845214844,2016-05-03 13:30:00,9.44461441040039,9.17144775390625,9.432991027832031,19039000
9.002265930175781,9.258628845214844,2016-05-04 13:30:00,9.299312591552734,9.113327026367188,9.183072090148926,11420700
8.883590698242188,9.136574745178223,2016-05-05 13:30:00,9.281876564025879,9.090078353881836,9.270252227783203,6054900
8.917498588562012,9.17144775390625,2016-05-06 13:30:00,9.217944145202637,9.04358196258545,9.084266662597656,8574500
8.962706565856934,9.217944145202637,2016-05-09 13:30:00,9.2760648727417,9.107514381408691,9.130763053894043,8505200
8.979660034179688,9.235380172729492,2016-05-10 13:30:00,9.241191864013672,9.07264232635498,9.235380172729492,8192700
9.053125381469727,9.31093692779541,2016-05-11 13:30:00,9.50564193725586,9.229568481445312,9.235380172729492,11132300
8.985311508178711,9.241191864013672,2016-05-12 13:30:00,9.380681991577148,9.214456558227539,9.351621627807617,9321700
8.911846160888672,9.165635108947754,2016-05-13 13:30:00,9.366151809692383,9.119138717651367,9.241191864013672,11680700
9.019218444824219,9.2760648727417,2016-05-16 13:30:00,9.354527473449707,9.130763053894043,9.159823417663574,15174200
8.940101623535156,9.194695472717285,2016-05-17 13:30:00,9.41555404663086,9.119138717651367,9.229568481445312,25107300
8.85533618927002,9.107514381408691,2016-05-18 13:30:00,9.258628845214844,9.017427444458008,9.17725944519043,11315200
8.917498588562012,9.17144775390625,2016-05-19 13:30:00,9.17725944519043,8.93896484375,9.014521598815918,11501700
8.96835708618164,9.223755836486816,2016-05-20 13:30:00,9.293500900268555,9.101702690124512,9.159823417663574,15455400
9.081379890441895,9.339997291564941,2016-05-23 13:30:00,9.456238746643066,9.223755836486816,9.229568481445312,14882500
9.183099746704102,9.44461441040039,2016-05-24 13:30:00,9.496923446655273,9.293500900268555,9.357433319091797,21613600
9.804725646972656,10.083942413330078,2016-05-25 13:30:00,10.752330780029297,9.950264930725098,10.653525352478027,75418400
9.82733154296875,10.10719108581543,2016-05-26 13:30:00,10.281553268432617,9.787527084350586,9.88051986694336,37392900
10.318979263305664,10.61284065246582,2016-05-27 13:30:00,10.659337997436523,10.147875785827637,10.147875785827637,39493400
10.437655448913574,10.734894752502441,2016-05-31 13:30:00,10.734894752502441,10.322237014770508,10.461727142333984,42932800
10.335932731628418,10.630277633666992,2016-06-01 13:30:00,10.682585716247559,10.543096542358398,10.641901016235352,21150900
10.454607009887695,10.752330780029297,2016-06-02 13:30:00,10.769766807556152,10.519847869873047,10.543096542358398,23508300
10.369840621948242,10.665149688720703,2016-06-03 13:30:00,10.752330780029297,10.624464988708496,10.694210052490234,15976100
10.71276569366455,10.984813690185547,2016-06-06 13:30:00,11.025498390197754,10.624464988708496,10.624464988708496,22094100
10.860137939453125,11.135927200317383,2016-06-07 13:30:00,11.185330390930176,10.909256935119629,10.94994068145752,24580100
10.967830657958984,11.246356964111328,2016-06-08 13:30:00,11.403282165527344,11.159175872802734,11.199860572814941,27220300
11.081193923950195,11.362598419189453,2016-06-09 13:30:00,11.420719146728516,11.234732627868652,11.269604682922363,16130800
10.837465286254883,11.112679481506348,2016-06-10 13:30:00,11.234732627868652,10.984813690185547,11.223108291625977,16914200
10.542722702026367,10.81045150756836,2016-06-13 13:30:00,11.130115509033203,10.798827171325684,11.048746109008789,17458700
10.378344535827637,10.641901016235352,2016-06-14 13:30:00,10.833699226379395,10.586687088012695,10.734894752502441,24700400
10.656085014343262,10.926692962646484,2016-06-15 13:30:00,11.07780647277832,10.700021743774414,10.71164608001709,20590800
10.576729774475098,10.84532356262207,2016-06-16 13:30:00,10.94412899017334,10.795921325683594,10.856947898864746,21213200
10.735438346862793,11.008061408996582,2016-06-17 13:30:00,11.048746109008789,10.746519088745117,10.804638862609863,28631900
10.98483657836914,11.263792991638184,2016-06-20 13:30:00,11.397470474243164,11.135927200317383,11.17080020904541,27304300
11.200223922729492,11.484651565551758,2016-06-21 13:30:00,11.53696060180664,11.194047927856445,11.281229019165039,19885600
10.88847827911377,11.164987564086914,2016-06-22 13:30:00,11.484651565551758,11.153363227844238,11.426530838012695,18191900
11.137876510620117,11.420719146728516,2016-06-23 13:30:00,11.44396686553955,11.240544319152832,11.257981300354004,17522700
10.293323516845703,10.554719924926758,2016-06-24 13:30:00,11.089430809020996,10.525659561157227,10.816263198852539,43737700
9.749183654785156,9.996761322021484,2016-06-27 13:30:00,10.467538833618164,9.860177993774414,10.461727142333984,31383400
9.86254596710205,10.11300277709961,2016-06-28 13:30:00,10.217619895935059,9.941546440124512,10.171123504638672,23461000
10.077935218811035,10.333861351013184,2016-06-29 13:30:00,10.409418106079102,10.232150077819824,10.310613632202148,14211600
10.355673789978027,10.618653297424316,2016-06-30 13:30:00,10.752330780029297,10.391982078552246,10.415230751037598,21494300
10.480372428894043,10.746519088745117,2016-07-01 13:30:00,10.833699226379395,10.548908233642578,10.734894752502441,15361900
10.315997123718262,10.57796859741211,2016-07-05 13:30:00,10.71164608001709,10.426855087280273,10.688398361206055,10555200
10.429359436035156,10.694210052490234,2016-07-06 13:30:00,10.71164608001709,10.415230751037598,10.461727142333984,12498900
10.469036102294922,10.734894752502441,2016-07-07 13:30:00,10.874383926391602,10.659337997436523,10.659337997436523,10799800
10.792119026184082,11.066182136535645,2016-07-08 13:30:00,11.066182136535645,10.795921325683594,10.903444290161133,18751400
10.962163925170898,11.240544319152832,2016-07-11 13:30:00,11.31319522857666,11.124302864074707,11.130115509033203,17483700
11.160548210144043,11.44396686553955,2016-07-12 13:30:00,11.566020965576172,11.292853355407715,11.292853355407715,22280200
11.05285358428955,11.333538055419922,2016-07-13 13:30:00,11.484651565551758,11.217296600341797,11.44396686553955,11816000
11.330592155456543,11.618329048156738,2016-07-14 13:30:00,11.720622062683105,11.403282165527344,11.403282165527344,25670900
11.205893516540527,11.490463256835938,2016-07-15 13:30:00,11.722946166992188,11.44396686553955,11.670638084411621,15047000
11.217228889465332,11.502087593078613,2016-07-18 13:30:00,11.612517356872559,11.420719146728516,11.461402893066406,10118300
11.217228889465332,11.502087593078613,2016-07-19 13:30:00,11.589268684387207,11.438155174255371,11.44396686553955,9522700
11.370268821716309,11.659013748168945,2016-07-20 13:30:00,11.670638084411621,11.464309692382812,11.50790023803711,9143000
11.19455623626709,11.478839874267578,2016-07-21 13:30:00,11.717134475708008,11.452685356140137,11.64157772064209,15580200
11.364601135253906,11.653202056884766,2016-07-22 13:30:00,11.653202056884766,11.473027229309082,11.519523620605469,14395000
11.455291748046875,11.746194839477539,2016-07-25 13:30:00,11.90893268585205,11.734570503234863,11.827564239501953,16714900
11.591325759887695,11.8856840133667,2016-07-26 13:30:00,11.891496658325195,11.708415985107422,11.734570503234863,13674200
11.53464412689209,11.827564239501953,2016-07-27 13:30:00,12.01064395904541,11.774092674255371,11.91474437713623,11275200
11.511972427368164,11.804315567016602,2016-07-28 13:30:00,11.87406063079834,11.711322784423828,11.798503875732422,7497200
11.914409637451172,12.216972351074219,2016-07-29 13:30:00,12.728434562683105,11.682262420654297,11.810127258300781,54130200
11.948418617248535,12.251845359802246,2016-08-01 13:30:00,12.548260688781738,11.990302085876465,12.286717414855957,23908200
11.772705078125,12.071670532226562,2016-08-02 13:30:00,12.263468742370605,11.999019622802734,12.222784996032715,18970300
12.192148208618164,12.501764297485352,2016-08-03 13:30:00,12.507575988769531,12.019362449645996,12.071670532226562,23912300
12.33385181427002,12.647066116333008,2016-08-04 13:30:00,12.740058898925781,12.47270393371582,12.48432731628418,15358400
12.41887378692627,12.734247207641602,2016-08-05 13:30:00,12.902796745300293,12.652877807617188,12.693562507629395,16329900
12.271502494812012,12.58313274383545,2016-08-08 13:30:00,12.885360717773438,12.542448043823242,12.786555290222168,13379300
12.299840927124023,12.61219310760498,2016-08-09 13:30:00,12.70518684387207,12.565696716308594,12.629629135131836,13865200
12.21481990814209,12.525012016296387,2016-08-10 13:30:00,12.641253471374512,12.455266952514648,12.629629135131836,9788900
12.345186233520508,12.658689498901367,2016-08-11 13:30:00,12.70518684387207,12.507575988769531,12.548260688781738,13035900
12.407536506652832,12.722622871398926,2016-08-12 13:30:00,12.763307571411133,12.493045806884766,12.600568771362305,18171200
12.475554466247559,12.792367935180664,2016-08-15 13:30:00,12.896985054016113,12.728434562683105,12.745870590209961,12316500
12.506729125976562,12.824334144592285,2016-08-16 13:30:00,12.885360717773438,12.676126480102539,12.728434562683105,10498100
12.265833854675293,12.57732105255127,2016-08-17 13:30:00,12.896985054016113,12.48432731628418,12.821428298950195,16809000
12.390532493591309,12.70518684387207,2016-08-18 13:30:00,12.722622871398926,12.519200325012207,12.519200325012207,11558800
12.401867866516113,12.71681022644043,2016-08-19 13:30:00,12.763307571411133,12.635441780090332,12.658689498901367,10394300
12.435876846313477,12.751683235168457,2016-08-22 13:30:00,12.772025108337402,12.571508407592773,12.681938171386719,7638400
12.430209159851074,12.745870590209961,2016-08-23 13:30:00,12.827239990234375,12.71390438079834,12.803991317749023,13619000
12.294173240661621,12.6063814163208,2016-08-24 13:30:00,12.8156156539917,12.594757080078125,12.740058898925781,7765100
12.379197120666504,12.693562507629395,2016-08-25 13:30:00,12.748777389526367,12.466891288757324,12.571508407592773,12335300
12.345186233520508,12.658689498901367,2016-08-26 13:30:00,12.83886432647705,12.559885025024414,12.728434562683105,9102400
12.379197120666504,12.693562507629395,2016-08-29 13:30:00,12.862112045288086,12.629629135131836,12.647066116333008,10135500
12.231823921203613,12.542448043823242,2016-08-30 13:30:00,12.763307571411133,12.466891288757324,12.693562507629395,15767100
12.175142288208008,12.48432731628418,2016-08-31 13:30:00,12.600568771362305,12.298341751098633,12.519200325012207,16448100
12.560578346252441,12.879549026489258,2016-09-01 13:30:00,12.972541809082031,12.251845359802246,12.455266952514648,32542600
12.588916778564453,12.908608436584473,2016-09-02 13:30:00,12.960917472839355,12.751683235168457,12.885360717773438,11299600
12.390532493591309,12.70518684387207,2016-09-06 13:30:00,12.891172409057617,12.641253471374512,12.891172409057617,14693100
12.520899772644043,12.83886432647705,2016-09-07 13:30:00,12.972541809082031,12.501764297485352,12.792367935180664,35346700
12.118462562561035,12.426206588745117,2016-09-08 13:30:00,12.902796745300293,12.391334533691406,12.786555290222168,50322900
11.85772705078125,12.158851623535156,2016-09-09 13:30:00,12.478515625,12.158851623535156,12.292529106140137,27124500
12.067448616027832,12.37389850616455,2016-09-12 13:30:00,12.446549415588379,11.990302085876465,12.042610168457031,21937300
11.99376392364502,12.298341751098633,2016-09-13 13:30:00,12.420394897460938,12.234408378601074,12.263468742370605,20650900
12.107126235961914,12.414583206176758,2016-09-14 13:30:00,12.446549415588379,12.257657051086426,12.280905723571777,18886100
12.543571472167969,12.862112045288086,2016-09-15 13:30:00,12.867924690246582,12.37389850616455,12.391334533691406,22183400
12.617256164550781,12.937668800354004,2016-09-16 13:30:00,12.972541809082031,12.763307571411133,12.827239990234375,28129400
12.855319023132324,13.18177604675293,2016-09-19 13:30:00,13.367762565612793,12.995789527893066,13.001602172851562,20660200
12.821310043334961,13.146903991699219,2016-09-20 13:30:00,13.335796356201172,13.146903991699219,13.225366592407227,16634900
13.104717254638672,13.437507629394531,2016-09-21 13:30:00,13.437507629394531,13.117843627929688,13.135279655456543,18368700
13.172734260559082,13.507251739501953,2016-09-22 13:30:00,13.675802230834961,13.44913101196289,13.44913101196289,17617000
13.025362968444824,13.356138229370117,2016-09-23 13:30:00,13.521781921386719,13.31545352935791,13.443319320678711,12469000
12.917669296264648,13.245709419250488,2016-09-26 13:30:00,13.347420692443848,13.158528327941895,13.286393165588379,13948600
12.991353988647461,13.321266174316406,2016-09-27 13:30:00,13.382292747497559,13.1126127243042,13.187588691711426,22581800
13.059372901916504,13.391011238098145,2016-09-28 13:30:00,13.478191375732422,13.263145446777344,13.367762565612793,12168800
12.98001766204834,13.30964183807373,2016-09-29 13:30:00,13.54793643951416,13.295111656188965,13.344513893127441,15577000
12.89499568939209,13.222460746765137,2016-09-30 13:30:00,13.536312103271484,13.129467964172363,13.41425895690918,27890300
12.8383150100708,13.164340019226074,2016-10-03 13:30:00,13.271862983703613,13.106219291687012,13.129467964172363,20113200
12.69094467163086,13.013226509094238,2016-10-04 13:30:00,13.327077865600586,12.937668800354004,13.18177604675293,15717000
12.92333698272705,13.251521110534668,2016-10-05 13:30:00,13.292205810546875,13.053910255432129,13.053910255432129,12511100
12.855319023132324,13.18177604675293,2016-10-06 13:30:00,13.2805814743042,13.152715682983398,13.216649055480957,11269900
12.693388938903809,12.984166145324707,2016-10-07 13:30:00,13.193400382995605,12.885360717773438,13.17596435546875,16110500
12.78429889678955,13.07715892791748,2016-10-10 13:30:00,13.187588691711426,13.04228687286377,13.065534591674805,15833100
12.488839149475098,12.774930953979492,2016-10-11 13:30:00,13.07715892791748,12.725528717041016,13.07715892791748,17394200
12.500202178955078,12.786555290222168,2016-10-12 13:30:00,12.856300354003906,12.670313835144043,12.833051681518555,13356200
12.363837242126465,12.647066116333008,2016-10-13 13:30:00,12.757494926452637,12.47270393371582,12.658689498901367,23763600
12.233153343200684,12.513387680053711,2016-10-14 13:30:00,12.757494926452637,12.48142147064209,12.519200325012207,23332900
12.085423469543457,12.362274169921875,2016-10-17 13:30:00,12.6063814163208,12.327402114868164,12.495951652526855,20037200
12.199061393737793,12.478515625,2016-10-18 13:30:00,12.548260688781738,12.263468742370605,12.519200325012207,20106300
12.34679126739502,12.629629135131836,2016-10-19 13:30:00,12.769119262695312,12.525012016296387,12.559885025024414,30091800
12.43202018737793,12.71681022644043,2016-10-20 13:30:00,12.734247207641602,12.519200325012207,12.571508407592773,18222800
12.289971351623535,12.571508407592773,2016-10-21 13:30:00,12.629629135131836,12.466891288757324,12.61219310760498,20590300
12.318382263183594,12.600568771362305,2016-10-24 13:30:00,12.664502143859863,12.548260688781738,12.600568771362305,15560800
12.272926330566406,12.554072380065918,2016-10-25 13:30:00,12.61219310760498,12.432019233703613,12.600568771362305,15908500
12.386564254760742,12.670313835144043,2016-10-26 13:30:00,12.676126480102539,12.478515625,12.513387680053711,13082500
12.608159065246582,12.896985054016113,2016-10-27 13:30:00,13.013226509094238,12.71681022644043,12.71681022644043,21757400
12.596796035766602,12.885360717773438,2016-10-28 13:30:00,13.0713472366333,12.786555290222168,12.902796745300293,12916500
12.767252922058105,13.059722900390625,2016-10-31 13:30:00,13.088783264160156,12.914421081542969,12.931857109069824,14006700
12.545658111572266,12.833051681518555,2016-11-01 13:30:00,13.112030982971191,12.652877807617188,13.030662536621094,12696200
12.511567115783691,12.798179626464844,2016-11-02 13:30:00,12.885360717773438,12.71099853515625,12.80980396270752,14294800
12.386564254760742,12.670313835144043,2016-11-03 13:30:00,12.891172409057617,12.647066116333008,12.827239990234375,12041500
12.522931098937988,12.80980396270752,2016-11-04 13:30:00,13.018457412719727,12.507575988769531,12.57732105255127,13275900
13.130894660949707,13.431694984436035,2016-11-07 14:30:00,13.478191375732422,13.001602172851562,13.007413864135742,18590000
13.20475959777832,13.507251739501953,2016-11-08 14:30:00,13.65255355834961,13.30383014678955,13.431694984436035,21986700
13.199077606201172,13.501440048217773,2016-11-09 14:30:00,13.687426567077637,12.995789527893066,13.04228687286377,26421600
13.108168601989746,13.408447265625,2016-11-10 14:30:00,13.768795013427734,13.31545352935791,13.571185111999512,22441600
13.24453353881836,13.54793643951416,2016-11-11 14:30:00,13.588621139526367,13.321266174316406,13.379386901855469,16251300
13.26725959777832,13.571185111999512,2016-11-14 14:30:00,13.728111267089844,13.408447265625,13.571185111999512,21289300
13.301351547241211,13.606057167053223,2016-11-15 14:30:00,13.675802230834961,13.44913101196289,13.64093017578125,25421900
13.369535446166992,13.675802230834961,2016-11-16 14:30:00,13.7455472946167,13.489815711975098,13.54793643951416,19870700
13.409308433532715,13.716486930847168,2016-11-17 14:30:00,13.757171630859375,13.518876075744629,13.64093017578125,18754800
13.24453353881836,13.54793643951416,2016-11-18 14:30:00,13.861788749694824,13.524688720703125,13.768214225769043,28549500
13.136576652526855,13.437507629394531,2016-11-21 14:30:00,13.687426567077637,13.257332801818848,13.611869812011719,40098200
12.994529724121094,13.292205810546875,2016-11-22 14:30:00,13.565372467041016,13.138185501098633,13.425883293151855,41580100
13.380898475646973,13.687426567077637,2016-11-23 14:30:00,13.733922958374023,13.059722900390625,13.193400382995605,37097600
13.19339656829834,13.495628356933594,2016-11-25 14:30:00,13.594432830810547,13.199212074279785,13.379386901855469,18320000
13.261579513549805,13.565372467041016,2016-11-28 14:30:00,13.594432830810547,13.298017501831055,13.350326538085938,37604300
13.488855361938477,13.797855377197266,2016-11-29 14:30:00,13.890849113464355,13.495628356933594,13.495628356933594,24233000
13.522947311401367,13.832728385925293,2016-11-30 14:30:00,13.887943267822266,13.733922958374023,13.826915740966797,24902000
13.27862548828125,13.582809448242188,2016-12-01 14:30:00,13.890849113464355,13.559560775756836,13.821104049682617,20974300
13.551356315612793,13.861788749694824,2016-12-02 14:30:00,13.890849113464355,13.565372467041016,13.576996803283691,12629100
13.755906105041504,14.071022987365723,2016-12-05 14:30:00,14.076834678649902,13.850164413452148,13.902473449707031,17673800
13.613856315612793,13.925721168518066,2016-12-06 14:30:00,14.053586959838867,13.88503646850586,14.041962623596191,16941100
14.022955894470215,14.34419059753418,2016-12-07 14:30:00,14.408123016357422,13.838540077209473,13.855976104736328,28028700
14.000226974487305,14.320941925048828,2016-12-08 14:30:00,14.408123016357422,14.24538516998291,14.326754570007324,12216200
13.926362991333008,14.24538516998291,2016-12-09 14:30:00,14.396498680114746,14.134955406188965,14.274445533752441,22907500
13.615878105163574,13.890849113464355,2016-12-12 14:30:00,14.076834678649902,13.77460765838623,14.001277923583984,21249800
13.632967948913574,13.908285140991211,2016-12-13 14:30:00,14.076834678649902,13.803668022155762,13.855976104736328,18690500
13.62727165222168,13.902473449707031,2016-12-14 14:30:00,14.169828414916992,13.792043685913086,13.797855377197266,16920100
13.519027709960938,13.792043685913086,2016-12-15 14:30:00,13.8734130859375,13.757171630859375,13.861788749694824,27706200
13.382298469543457,13.65255355834961,2016-12-16 14:30:00,13.824009895324707,13.588621139526367,13.733922958374023,35485000
13.519027709960938,13.792043685913086,2016-12-19 14:30:00,13.890849113464355,13.611869812011719,13.611869812011719,11699600
13.581694602966309,13.855976104736328,2016-12-20 14:30:00,13.937345504760742,13.7455472946167,13.815292358398438,15602000
13.61017894744873,13.88503646850586,2016-12-21 14:30:00,13.972217559814453,13.829822540283203,13.855976104736328,9327700
13.536118507385254,13.809479713439941,2016-12-22 14:30:00,13.943157196044922,13.669990539550781,13.896660804748535,11015700
13.570301055908203,13.844352722167969,2016-12-23 14:30:00,13.855976104736328,13.762983322143555,13.815292358398438,10125700
13.524724006652832,13.797855377197266,2016-12-27 14:30:00,13.890849113464355,13.728111267089844,13.838540077209473,6512000
13.274055480957031,13.54212474822998,2016-12-28 14:30:00,13.844352722167969,13.536312103271484,13.844352722167969,11347500
13.296843528747559,13.565372467041016,2016-12-29 14:30:00,13.64093017578125,13.472379684448242,13.530500411987305,8858700
13.182882308959961,13.44911003112793,2016-12-30 14:30:00,13.629283905029297,13.385176658630371,13.501418113708496,6313300
13.217063903808594,13.48398208618164,2017-01-03 14:30:00,13.640907287597656,13.35611629486084,13.478169441223145,8056600
13.359489440917969,13.629283905029297,2017-01-04 14:30:00,13.780397415161133,13.507229804992676,13.542102813720703,6956500
13.42215633392334,13.693216323852539,2017-01-05 14:30:00,13.704840660095215,13.559538841247559,13.629283905029297,11556200
13.160093307495117,13.425861358642578,2017-01-06 14:30:00,13.699028015136719,13.024828910827637,13.699028015136719,14541600
12.852456092834473,13.11201000213623,2017-01-09 14:30:00,13.474101066589355,13.0829496383667,13.44911003112793,14289400
13.074639320373535,13.338680267333984,2017-01-10 14:30:00,13.373552322387695,13.0829496383667,13.187566757202148,13491500
12.966395378112793,13.228251457214355,2017-01-11 14:30:00,13.35611629486084,13.141070365905762,13.321244239807129,9277000
12.960698127746582,13.22243881225586,2017-01-12 14:30:00,13.274747848510742,13.033547401428223,13.2108154296875,8273200
13.068941116333008,13.332868576049805,2017-01-13 14:30:00,13.396800994873047,13.21662712097168,13.22243881225586,5757000
12.92651653289795,13.187566757202148,2017-01-17 14:30:00,13.361928939819336,13.155600547790527,13.268936157226562,5899300
13.023386001586914,13.286393165588379,2017-01-18 14:30:00,13.361950874328613,13.129467964172363,13.234085083007812,14536000
12.97209358215332,13.234063148498535,2017-01-19 14:30:00,13.297995567321777,13.181755065917969,13.245687484741211,5798500
13.034759521484375,13.297995567321777,2017-01-20 14:30:00,13.309619903564453,13.158506393432617,13.245687484741211,9054800
12.85815143585205,13.11782169342041,2017-01-23 14:30:00,13.327055931091309,13.013204574584961,13.263123512268066,9075300
13.040456771850586,13.303808212280273,2017-01-24 14:30:00,13.420049667358398,13.170130729675293,13.199191093444824,8221000
13.091730117797852,13.35611629486084,2017-01-25 14:30:00,13.44911003112793,13.271842002868652,13.379364967346191,7295900
12.886636734008789,13.146882057189941,2017-01-26 14:30:00,13.420049667358398,13.146882057189941,13.34449291229248,6134500
12.846758842468262,13.10619831085205,2017-01-27 14:30:00,13.25149917602539,13.065513610839844,13.2108154296875,6810000
12.618878364562988,12.8737154006958,2017-01-30 14:30:00,13.071325302124023,12.780722618103027,13.071325302124023,9345200
12.920820236206055,13.181755065917969,2017-01-31 14:30:00,13.187566757202148,12.693541526794434,12.867903709411621,12485400
12.869545936584473,13.129446029663086,2017-02-01 14:30:00,13.239875793457031,13.001581192016602,13.2108154296875,9739700
12.92651653289795,13.187566757202148,2017-02-02 14:30:00,13.21372127532959,12.937647819519043,12.937647819519043,8296900
13.387975692749023,13.658344268798828,2017-02-03 14:30:00,13.704840660095215,13.22243881225586,13.22243881225586,13433300
13.410761833190918,13.681591987609863,2017-02-06 14:30:00,13.751337051391602,13.547914505004883,13.571163177490234,5493300
13.49621868133545,13.768773078918457,2017-02-07 14:30:00,13.82979965209961,13.669967651367188,13.681591987609863,6505100
13.462035179138184,13.733901023864746,2017-02-08 14:30:00,13.879201889038086,13.687403678894043,13.72808837890625,6084700
13.718400001525879,13.995443344116211,2017-02-09 14:30:00,14.018692016601562,13.693216323852539,13.733901023864746,7009700
13.667128562927246,13.943135261535645,2017-02-10 14:30:00,14.10006046295166,13.937322616577148,13.995443344116211,8311100
13.741189956665039,14.018692016601562,2017-02-13 14:30:00,14.082624435424805,13.925698280334473,13.9605712890625,6467700
13.752583503723145,14.030315399169922,2017-02-14 14:30:00,14.036128044128418,13.925698280334473,13.995443344116211,9739000
13.889311790466309,14.169805526733398,2017-02-15 14:30:00,14.20467758178711,14.00125503540039,14.076811790466309,6836400
13.86082649230957,14.140745162963867,2017-02-16 14:30:00,14.227926254272461,14.071000099182129,14.163992881774902,6848600
13.900704383850098,14.181428909301758,2017-02-17 14:30:00,14.193053245544434,14.024503707885742,14.09424877166748,7583400
14.048827171325684,14.332542419433594,2017-02-21 14:30:00,14.355791091918945,14.158181190490723,14.181428909301758,9465200
14.117191314697266,14.402287483215332,2017-02-22 14:30:00,14.460408210754395,14.23954963684082,14.262798309326172,7636200
14.048827171325684,14.332542419433594,2017-02-23 14:30:00,14.448783874511719,14.23954963684082,14.431347846984863,13305800
13.080336570739746,13.34449291229248,2017-02-24 14:30:00,13.35611629486084,12.84465503692627,12.859185218811035,46881800
12.710028648376465,12.966708183288574,2017-02-27 14:30:00,13.228251457214355,12.943460464477539,13.228251457214355,19012500
13.000576972961426,13.263123512268066,2017-02-28 14:30:00,13.295089721679688,12.786534309387207,12.827219009399414,18360100
13.205670356750488,13.472357749938965,2017-03-01 14:30:00,13.542102813720703,13.327055931091309,13.373552322387695,13272300
13.074639320373535,13.338680267333984,2017-03-02 14:30:00,13.48979377746582,13.274747848510742,13.437485694885254,10778100
13.131608963012695,13.396800994873047,2017-03-03 14:30:00,13.524666786193848,13.297995567321777,13.31543254852295,11568000
13.143003463745117,13.408425331115723,2017-03-06 14:30:00,13.443297386169434,13.268936157226562,13.280559539794922,15560500
13.000576972961426,13.263123512268066,2017-03-07 14:30:00,13.478169441223145,13.193378448486328,13.35030460357666,13897600
12.886636734008789,13.146882057189941,2017-03-08 14:30:00,13.280559539794922,13.11782169342041,13.25149917602539,12704200
12.801182746887207,13.059701919555664,2017-03-09 14:30:00,13.187566757202148,13.007392883300781,13.094573974609375,11029700
12.74421215057373,13.001581192016602,2017-03-10 14:30:00,13.187566757202148,12.902775764465332,13.094573974609375,11153000
12.779617309570312,12.97252082824707,2017-03-13 13:30:00,13.036453247070312,12.885339736938477,12.896964073181152,10088400
12.728087425231934,12.920211791992188,2017-03-14 13:30:00,12.97833251953125,12.798158645629883,12.926024436950684,10088400
12.991466522216797,13.187566757202148,2017-03-15 13:30:00,13.280559539794922,12.850467681884766,12.920211791992188,14013900
12.962837219238281,13.158506393432617,2017-03-16 13:30:00,13.286372184753418,13.07713794708252,13.193378448486328,10297800
13.083075523376465,13.280559539794922,2017-03-17 13:30:00,13.361928939819336,13.0829496383667,13.164319038391113,12372200
13.140332221984863,13.338680267333984,2017-03-20 13:30:00,13.405519485473633,13.170130729675293,13.234063148498535,8572900
12.739537239074707,12.931836128234863,2017-03-21 13:30:00,13.414237022399902,12.902775764465332,13.338680267333984,16197600
12.882678985595703,13.07713794708252,2017-03-22 13:30:00,13.10619831085205,12.84465503692627,12.914400100708008,9092600
13.054447174072266,13.25149917602539,2017-03-23 13:30:00,13.34449291229248,13.007392883300781,13.048077583312988,9762100
13.037271499633789,13.234063148498535,2017-03-24 13:30:00,13.507229804992676,13.152694702148438,13.286372184753418,9174000
13.008642196655273,13.205002784729004,2017-03-27 13:30:00,13.280559539794922,13.007392883300781,13.10619831085205,6688800
13.17468547821045,13.373552322387695,2017-03-28 13:30:00,13.48979377746582,13.152694702148438,13.187566757202148,8425800
13.55257797241211,13.757148742675781,2017-03-29 13:30:00,13.908262252807617,13.312525749206543,13.367740631103516,17229500
13.52394962310791,13.72808837890625,2017-03-30 13:30:00,13.844329833984375,13.669967651367188,13.716464042663574,8947500
13.569755554199219,13.774584770202637,2017-03-31 13:30:00,13.948946952819824,13.617659568786621,13.617659568786621,14225800
13.428030967712402,13.630721092224121,2017-04-03 13:30:00,14.01086139678955,13.429015159606934,13.964313507080078,32015600
13.68023681640625,13.886734008789062,2017-04-04 13:30:00,13.894492149353027,13.460046768188477,13.498836517333984,19049200
13.68023681640625,13.886734008789062,2017-04-05 13:30:00,14.041893005371094,13.793638229370117,13.948797225952148,19009000
13.771947860717773,13.979829788208008,2017-04-06 13:30:00,14.065166473388672,13.894492149353027,13.948797225952148,12395000
13.970654487609863,14.181535720825195,2017-04-07 13:30:00,14.313421249389648,13.894492149353027,13.933281898498535,28146600
13.985939979553223,14.197052001953125,2017-04-10 13:30:00,14.359969139099121,14.150504112243652,14.228083610534668,22041200
13.894227981567383,14.10395622253418,2017-04-11 13:30:00,14.235841751098633,14.034134864807129,14.166020393371582,11342900
13.794876098632812,14.003103256225586,2017-04-12 13:30:00,14.228083610534668,13.917765617370605,14.220325469970703,13723000
13.749019622802734,13.956555366516113,2017-04-13 13:30:00,14.088440895080566,13.917765617370605,13.972071647644043,16281400
13.840730667114258,14.049651145935059,2017-04-17 13:30:00,14.065166473388672,13.948797225952148,13.979829788208008,7940000
13.8560152053833,14.065166473388672,2017-04-18 13:30:00,14.11947250366211,13.951900482177734,14.026376724243164,8009900
13.878944396972656,14.088440895080566,2017-04-19 13:30:00,14.18929386138916,14.034134864807129,14.080682754516602,7303000
14.008867263793945,14.220325469970703,2017-04-20 13:30:00,14.282389640808105,14.100077629089355,14.142745971679688,10243900
13.863658905029297,14.072924613952637,2017-04-21 13:30:00,14.208688735961914,13.979829788208008,14.197052001953125,12245200
14.092936515808105,14.305663108825684,2017-04-24 13:30:00,14.3832426071167,14.123351097106934,14.158262252807617,14046500
14.15407657623291,14.367727279663086,2017-04-25 13:30:00,14.422032356262207,14.29014778137207,14.344452857971191,8534800
14.222859382629395,14.437548637390137,2017-04-26 13:30:00,14.569433212280273,14.29014778137207,14.352210998535156,10930200
14.238144874572754,14.45306396484375,2017-04-27 13:30:00,14.476338386535645,14.297904968261719,14.429790496826172,13814800
14.238144874572754,14.45306396484375,2017-04-28 13:30:00,14.507369995117188,14.344452857971191,14.445306777954102,9272500
14.314571380615234,14.530643463134766,2017-05-01 13:30:00,14.608222961425781,14.460822105407715,14.499611854553223,10576100
14.291643142700195,14.507369995117188,2017-05-02 13:30:00,14.615981101989746,14.476338386535645,14.522886276245117,7843400
14.268715858459473,14.48409652709961,2017-05-03 13:30:00,14.561676025390625,14.406517028808594,14.476338386535645,10992700
14.329856872558594,14.546159744262695,2017-05-04 13:30:00,14.584949493408203,14.437548637390137,14.546159744262695,6562100
14.390995979309082,14.608222961425781,2017-05-05 13:30:00,14.623739242553711,14.48409652709961,14.615981101989746,12736000
14.43685245513916,14.654770851135254,2017-05-08 13:30:00,14.701318740844727,14.55391788482666,14.615981101989746,9105000
14.352783203125,14.569433212280273,2017-05-09 13:30:00,14.716835021972656,14.45694351196289,14.63925552368164,16309700
14.520920753479004,14.740108489990234,2017-05-10 13:30:00,14.740108489990234,14.546159744262695,14.577191352844238,11368400
14.413925170898438,14.631497383117676,2017-05-11 13:30:00,14.782777786254883,14.588828086853027,14.678045272827148,12443400
14.42920970916748,14.647013664245605,2017-05-12 13:30:00,14.755624771118164,14.615981101989746,14.647013664245605,9614500
14.51327896118164,14.73235034942627,2017-05-15 13:30:00,14.840962409973145,14.63925552368164,14.662528991699219,10712900
14.604990005493164,14.825446128845215,2017-05-16 13:30:00,14.864235877990723,14.674165725708008,14.740108489990234,9511900
14.368069648742676,14.584949493408203,2017-05-17 13:30:00,14.825446128845215,14.522886276245117,14.825446128845215,13040800
14.352783203125,14.569433212280273,2017-05-18 13:30:00,14.709076881408691,14.367727279663086,14.46858024597168,12433300
14.16171932220459,14.375484466552734,2017-05-19 13:30:00,14.740108489990234,14.328937530517578,14.615981101989746,20162000
14.36042594909668,14.577191352844238,2017-05-22 13:30:00,14.623739242553711,14.359969139099121,14.367727279663086,13527200
14.413925170898438,14.631497383117676,2017-05-23 13:30:00,14.662528991699219,14.546159744262695,14.63925552368164,13900900
14.45213794708252,14.670287132263184,2017-05-24 13:30:00,14.724593162536621,14.569433212280273,14.615981101989746,11762700
14.398639678955078,14.615981101989746,2017-05-25 13:30:00,14.740108489990234,14.592707633972168,14.716835021972656,18113300
14.390995979309082,14.608222961425781,2017-05-26 13:30:00,14.654770851135254,14.53840160369873,14.623739242553711,13436600
14.406283378601074,14.623739242553711,2017-05-30 13:30:00,14.685803413391113,14.499611854553223,14.569433212280273,17736000
14.375711441040039,14.592707633972168,2017-05-31 13:30:00,14.643134117126465,14.398758888244629,14.584949493408203,23884000
13.389817237854004,13.591931343078613,2017-06-01 13:30:00,14.251358032226562,13.553141593933105,14.235841751098633,38879000
13.298107147216797,13.498836517333984,2017-06-02 13:30:00,13.638479232788086,13.149728775024414,13.452288627624512,29938800
13.114684104919434,13.31264591217041,2017-06-05 13:30:00,13.460046768188477,13.289371490478516,13.452288627624512,15522600
13.015331268310547,13.2117919921875,2017-06-06 13:30:00,13.335919380187988,13.2117919921875,13.29712963104248,13823500
13.022974014282227,13.219550132751465,2017-06-07 13:30:00,13.374709129333496,13.19627571105957,13.2117919921875,14542100
13.030616760253906,13.22730827331543,2017-06-08 13:30:00,13.28161334991455,13.173002243041992,13.219550132751465,10657800
12.984760284423828,13.180760383605957,2017-06-09 13:30:00,13.436772346496582,13.037238121032715,13.219550132751465,10521100
12.941585540771484,13.072149276733398,2017-06-12 13:30:00,13.12645435333252,12.84716796875,13.103180885314941,11555200
12.96462631225586,13.095422744750977,2017-06-13 13:30:00,13.165244102478027,13.03335952758789,13.048874855041504,12179700
12.857100486755371,12.986811637878418,2017-06-14 13:30:00,13.149728775024414,12.916990280151367,13.072149276733398,11392700
12.688129425048828,12.816136360168457,2017-06-15 13:30:00,13.002326965332031,12.77734661102295,12.955780029296875,17885400
12.665088653564453,12.792862892150879,2017-06-16 13:30:00,12.885957717895508,12.754073143005371,12.86268424987793,15010500
12.8417387008667,12.971295356750488,2017-06-19 13:30:00,13.010085105895996,12.808378219604492,12.808378219604492,11151300
12.780295372009277,12.909232139587402,2017-06-20 13:30:00,12.986811637878418,12.785104751586914,12.94802188873291,13479000
12.726531982421875,12.854926109313965,2017-06-21 13:30:00,13.025601387023926,12.831652641296387,12.955780029296875,10259900
12.811017036437988,12.940263748168945,2017-06-22 13:30:00,12.994569778442383,12.800621032714844,12.831652641296387,9427700
12.941585540771484,13.072149276733398,2017-06-23 13:30:00,13.188518524169922,12.924747467041016,12.994569778442383,17393700
12.910862922668457,13.041116714477539,2017-06-26 13:30:00,13.173002243041992,13.025601387023926,13.087664604187012,10884900
12.672768592834473,12.800621032714844,2017-06-27 13:30:00,13.025601387023926,12.800621032714844,12.986811637878418,9823700
12.979988098144531,13.110939025878906,2017-06-28 13:30:00,13.157485961914062,12.800621032714844,12.870442390441895,10117400
12.787976264953613,12.916990280151367,2017-06-29 13:30:00,13.03335952758789,12.699767112731934,12.994569778442383,12706100
12.741893768310547,12.870442390441895,2017-06-30 13:30:00,13.03335952758789,12.86268424987793,12.979053497314453,8780500
12.803337097167969,12.93250560760498,2017-07-03 13:30:00,13.103180885314941,12.93250560760498,12.93250560760498,4566600
13.010708808898926,13.14197063446045,2017-07-05 13:30:00,13.180760383605957,12.963537216186523,12.971295356750488,10803000
12.657407760620117,12.785104751586914,2017-07-06 13:30:00,13.12645435333252,12.738556861877441,13.072149276733398,14536900
12.757253646850586,12.885957717895508,2017-07-07 13:30:00,12.916990280151367,12.723041534423828,12.816136360168457,13217700
12.857100486755371,12.986811637878418,2017-07-10 13:30:00,13.060511589050293,12.87820053100586,12.885957717895508,10170600
12.887821197509766,13.017843246459961,2017-07-11 13:30:00,13.072149276733398,12.854926109313965,12.963537216186523,9123700
12.895503044128418,13.025601387023926,2017-07-12 13:30:00,13.072149276733398,12.858805656433105,12.994569778442383,10437700
13.125916481018066,13.258339881896973,2017-07-13 13:30:00,13.31264591217041,13.002326965332031,13.025601387023926,13738500
13.202720642089844,13.335919380187988,2017-07-14 13:30:00,13.366950988769531,13.204033851623535,13.266098022460938,6129600
13.233443260192871,13.366950988769531,2017-07-17 13:30:00,13.436772346496582,13.262218475341797,13.335919380187988,7731100
13.17199993133545,13.304887771606445,2017-07-18 13:30:00,13.382467269897461,13.22730827331543,13.343677520751953,10506400
13.571382522583008,13.708300590515137,2017-07-19 13:30:00,13.739333152770996,13.382467269897461,13.382467269897461,13419800
13.748034477233887,13.886734008789062,2017-07-20 13:30:00,13.91000747680664,13.692785263061523,13.708300590515137,14631200
13.832518577575684,13.972071647644043,2017-07-21 13:30:00,13.987586975097656,13.785880088806152,13.85570240020752,11826000
13.701951026916504,13.84018611907959,2017-07-24 13:30:00,14.041893005371094,13.801396369934082,13.948797225952148,10919500
13.732672691345215,13.871217727661133,2017-07-25 13:30:00,13.972071647644043,13.762606620788574,13.84018611907959,7702200
13.525300979614258,13.66175365447998,2017-07-26 13:30:00,13.933281898498535,13.615205764770508,13.886734008789062,7976200
13.479217529296875,13.615205764770508,2017-07-27 13:30:00,13.731575012207031,13.494956970214844,13.731575012207031,10228400
13.44849681854248,13.584174156188965,2017-07-28 13:30:00,13.615205764770508,13.413498878479004,13.576416015625,9137000
13.44849681854248,13.584174156188965,2017-07-31 13:30:00,13.766485214233398,13.576416015625,13.653995513916016,8762100
13.479217529296875,13.615205764770508,2017-08-01 13:30:00,13.653995513916016,13.533746719360352,13.615205764770508,7714000
13.32560920715332,13.460046768188477,2017-08-02 13:30:00,13.685027122497559,13.397982597351074,13.64623737335205,7968700
13.279525756835938,13.413498878479004,2017-08-03 13:30:00,13.467804908752441,13.31264591217041,13.452288627624512,6660100
13.44849681854248,13.584174156188965,2017-08-04 13:30:00,13.630721092224121,13.413498878479004,13.413498878479004,6302500
13.540661811828613,13.677268981933594,2017-08-07 13:30:00,13.688905715942383,13.537626266479492,13.568657875061035,4584400
13.540661811828613,13.677268981933594,2017-08-08 13:30:00,13.731575012207031,13.591931343078613,13.64623737335205,7892900
13.548341751098633,13.685027122497559,2017-08-09 13:30:00,13.731575012207031,13.529868125915527,13.615205764770508,6970400
13.148958206176758,13.28161334991455,2017-08-10 13:30:00,13.653995513916016,13.242823600769043,13.653995513916016,9363100
13.287206649780273,13.421257019042969,2017-08-11 13:30:00,13.47556209564209,13.30876636505127,13.343677520751953,5279500
13.502259254455566,13.638479232788086,2017-08-14 13:30:00,13.847944259643555,13.545384407043457,13.568657875061035,7955100
13.632826805114746,13.770364761352539,2017-08-15 13:30:00,13.84018611907959,13.599689483642578,13.622963905334473,8316500
13.517620086669922,13.653995513916016,2017-08-16 13:30:00,13.863459587097168,13.595810890197754,13.762606620788574,4915700
13.287206649780273,13.421257019042969,2017-08-17 13:30:00,13.716058731079102,13.421257019042969,13.591931343078613,9173000
13.195040702819824,13.328161239624023,2017-08-18 13:30:00,13.498836517333984,13.258339881896973,13.390225410461426,9560000
13.294886589050293,13.429015159606934,2017-08-21 13:30:00,13.460046768188477,13.250581741333008,13.343677520751953,6091200
13.571382522583008,13.708300590515137,2017-08-22 13:30:00,13.731575012207031,13.460046768188477,13.467804908752441,5451100
13.602106094360352,13.739333152770996,2017-08-23 13:30:00,13.770364761352539,13.599689483642578,13.615205764770508,7053000
13.786436080932617,13.92552375793457,2017-08-24 13:30:00,14.01086139678955,13.700543403625488,13.747090339660645,6636100
13.786436080932617,13.92552375793457,2017-08-25 13:30:00,14.072924613952637,13.813033103942871,13.956555366516113,9035800
13.663549423217773,13.801396369934082,2017-08-28 13:30:00,13.948797225952148,13.712180137634277,13.948797225952148,7495100
13.763394355773926,13.902249336242676,2017-08-29 13:30:00,13.92164421081543,13.638479232788086,13.692785263061523,5905700
13.809476852416992,13.948797225952148,2017-08-30 13:30:00,13.956555366516113,13.789759635925293,13.871217727661133,6278000
13.87092113494873,14.01086139678955,2017-08-31 13:30:00,14.069046020507812,13.92552375793457,13.948797225952148,11329000
14.167073249816895,14.3100004196167,2017-09-01 13:30:00,14.390000343322754,13.819999694824219,14.130000114440918,22355800
13.89976978302002,14.039999961853027,2017-09-05 13:30:00,14.399999618530273,13.829999923706055,14.199999809265137,26755900
13.632466316223145,13.770000457763672,2017-09-06 13:30:00,14.319999694824219,13.600000381469727,14.289999961853027,40580300
13.117659568786621,13.25,2017-09-07 13:30:00,13.770000457763672,13.25,13.729999542236328,27036800
12.988958358764648,13.119999885559082,2017-09-08 13:30:00,13.385000228881836,13.0600004196167,13.288999557495117,24308700
13.21666145324707,13.350000381469727,2017-09-11 13:30:00,13.470000267028809,13.239999771118164,13.300000190734863,16505900
13.052510261535645,13.119999885559082,2017-09-12 13:30:00,13.40999984741211,12.989999771118164,13.359999656677246,19398000
13.161943435668945,13.229999542236328,2017-09-13 13:30:00,13.25,12.970000267028809,13.079999923706055,24975000
13.400710105895996,13.470000267028809,2017-09-14 13:30:00,13.529999732971191,13.130000114440918,13.180000305175781,16071700
13.45045280456543,13.520000457763672,2017-09-15 13:30:00,13.5600004196167,13.319999694824219,13.369999885559082,15606000
13.470349311828613,13.539999961853027,2017-09-18 13:30:00,13.720000267028809,13.510000228881836,13.569999694824219,12586100
13.42060661315918,13.489999771118164,2017-09-19 13:30:00,13.640000343322754,13.470000267028809,13.5600004196167,10087500
13.559886932373047,13.630000114440918,2017-09-20 13:30:00,13.680000305175781,13.5,13.579999923706055,17348000
13.719063758850098,13.789999961853027,2017-09-21 13:30:00,13.899999618530273,13.510000228881836,13.600000381469727,22598600
14.1866455078125,14.260000228881836,2017-09-22 13:30:00,14.289999961853027,13.819999694824219,13.859999656677246,22932500
14.624382019042969,14.699999809265137,2017-09-25 13:30:00,14.720000267028809,14.170000076293945,14.1899995803833,29532200
14.81340503692627,14.890000343322754,2017-09-26 13:30:00,15.079999923706055,14.6899995803833,14.739999771118164,25926100
14.773611068725586,14.850000381469727,2017-09-27 13:30:00,15.119999885559082,14.819999694824219,14.890000343322754,22027400
14.495050430297852,14.569999694824219,2017-09-28 13:30:00,14.9399995803833,14.5649995803833,14.84000015258789,11473100
14.634330749511719,14.710000038146973,2017-09-29 13:30:00,14.75,14.539999961853027,14.600000381469727,6736900
14.892993927001953,14.970000267028809,2017-10-02 13:30:00,15.0,14.649999618530273,14.680000305175781,13719600
14.614433288574219,14.6899995803833,2017-10-03 13:30:00,14.987000465393066,14.619999885559082,14.970000267028809,10203600
14.723868370056152,14.800000190734863,2017-10-04 13:30:00,14.890000343322754,14.550000190734863,14.699999809265137,7636300
14.753713607788086,14.829999923706055,2017-10-05 13:30:00,14.960000038146973,14.760000228881836,14.84000015258789,7074400
14.723868370056152,14.800000190734863,2017-10-06 13:30:00,14.850000381469727,14.579999923706055,14.789999961853027,11827300
14.723868370056152,14.800000190734863,2017-10-09 13:30:00,14.970000267028809,14.770000457763672,14.84000015258789,6254600
14.883045196533203,14.960000038146973,2017-10-10 13:30:00,15.029999732971191,14.8100004196167,14.819999694824219,9359400
14.863147735595703,14.9399995803833,2017-10-11 13:30:00,15.039999961853027,14.850000381469727,14.9399995803833,10469600
14.723868370056152,14.800000190734863,2017-10-12 13:30:00,14.9399995803833,14.729999542236328,14.930000305175781,8238400
14.81340503692627,14.890000343322754,2017-10-13 13:30:00,15.0600004196167,14.640000343322754,14.649999618530273,9941500
14.78355884552002,14.859999656677246,2017-10-16 13:30:00,14.960000038146973,14.8100004196167,14.880000114440918,6351400
14.534845352172852,14.609999656677246,2017-10-17 13:30:00,14.890000343322754,14.545000076293945,14.84000015258789,12841100
14.624382019042969,14.699999809265137,2017-10-18 13:30:00,14.800000190734863,14.664999961853027,14.670000076293945,6827100
13.788702964782715,13.859999656677246,2017-10-19 13:30:00,14.529999732971191,13.800000190734863,14.5,23836500
13.967777252197266,14.039999961853027,2017-10-20 13:30:00,14.1850004196167,13.800000190734863,13.880000114440918,12664400
14.17669677734375,14.25,2017-10-23 13:30:00,14.324999809265137,14.0600004196167,14.09000015258789,8558400
14.23638916015625,14.3100004196167,2017-10-24 13:30:00,14.475000381469727,14.229999542236328,14.25,8236600
14.00757122039795,14.079999923706055,2017-10-25 13:30:00,14.289999961853027,13.880000114440918,14.279999732971191,15537300
14.17669677734375,14.25,2017-10-26 13:30:00,14.3100004196167,14.079999923706055,14.210000038146973,7007000
14.20654296875,14.279999732971191,2017-10-27 13:30:00,14.34000015258789,14.180000305175781,14.270000457763672,7034100
13.908085823059082,13.979999542236328,2017-10-30 13:30:00,14.279999732971191,13.90999984741211,14.229999542236328,11940100
13.848394393920898,13.920000076293945,2017-10-31 13:30:00,14.055000305175781,13.875,14.020000457763672,10261900
13.530040740966797,13.600000381469727,2017-11-01 13:30:00,13.9399995803833,13.470000267028809,13.9399995803833,15500000
13.559886932373047,13.630000114440918,2017-11-02 13:30:00,13.65999984741211,13.484999656677246,13.569999694824219,17522400
13.43055534362793,13.5,2017-11-03 13:30:00,13.630000114440918,13.399999618530273,13.619999885559082,9542900
13.559886932373047,13.630000114440918,2017-11-06 14:30:00,13.630000114440918,13.239999771118164,13.460000038146973,9582500
13.500194549560547,13.569999694824219,2017-11-07 14:30:00,13.739999771118164,13.520000457763672,13.600000381469727,7362300
13.470349311828613,13.539999961853027,2017-11-08 14:30:00,13.59000015258789,13.460000038146973,13.5600004196167,7751800
13.649423599243164,13.720000267028809,2017-11-09 14:30:00,13.75,13.470000267028809,13.479999542236328,6230900
13.629526138305664,13.699999809265137,2017-11-10 14:30:00,13.75,13.600000381469727,13.720000267028809,4517900
13.41065788269043,13.479999542236328,2017-11-13 14:30:00,13.694999694824219,13.470000267028809,13.670000076293945,14572600
13.201738357543945,13.270000457763672,2017-11-14 14:30:00,13.479999542236328,13.229999542236328,13.380000114440918,11350600
13.092304229736328,13.15999984741211,2017-11-15 14:30:00,13.319999694824219,13.100000381469727,13.199999809265137,12002200
13.201738357543945,13.270000457763672,2017-11-16 14:30:00,13.420000076293945,13.210000038146973,13.210000038146973,14822100
13.60962963104248,13.680000305175781,2017-11-17 14:30:00,13.6899995803833,13.25,13.300000190734863,12897100
14.0175199508667,14.09000015258789,2017-11-20 14:30:00,14.109999656677246,13.65999984741211,13.680000305175781,12408800
14.04736614227295,14.119999885559082,2017-11-21 14:30:00,14.3100004196167,14.079999923706055,14.100000381469727,13733900
13.032612800598145,13.100000381469727,2017-11-22 14:30:00,13.399999618530273,12.8149995803833,13.199999809265137,41931400
13.251481056213379,13.319999694824219,2017-11-24 14:30:00,13.390000343322754,13.149999618530273,13.210000038146973,8555500
13.400710105895996,13.470000267028809,2017-11-27 14:30:00,13.539999961853027,13.149999618530273,13.210000038146973,13862700
13.808600425720215,13.880000114440918,2017-11-28 14:30:00,13.949999809265137,13.404999732971191,13.470000267028809,16054700
13.898138046264648,13.970000267028809,2017-11-29 14:30:00,14.300000190734863,13.789999961853027,13.949999809265137,12094000
13.878240585327148,13.949999809265137,2017-11-30 14:30:00,14.170000076293945,13.920000076293945,13.989999771118164,15101600
14.36571979522705,14.4399995803833,2017-12-01 14:30:00,14.46500015258789,13.75,13.899999618530273,18544200
14.15679931640625,14.229999542236328,2017-12-04 14:30:00,14.520000457763672,14.1899995803833,14.4399995803833,11095700
14.00757122039795,14.079999923706055,2017-12-05 14:30:00,14.170000076293945,14.0,14.109999656677246,11892800
14.087160110473633,14.15999984741211,2017-12-06 14:30:00,14.229999542236328,13.989999771118164,14.020000457763672,7091000
14.146851539611816,14.220000267028809,2017-12-07 14:30:00,14.270000457763672,14.125,14.199999809265137,6818700
14.266234397888184,14.34000015258789,2017-12-08 14:30:00,14.390000343322754,14.229999542236328,14.229999542236328,8114600
14.504999160766602,14.579999923706055,2017-12-11 14:30:00,14.59000015258789,14.229999542236328,14.25,11132200
14.5,14.5,2017-12-12 14:30:00,14.569999694824219,14.350000381469727,14.449999809265137,12199800
14.319999694824219,14.319999694824219,2017-12-13 14:30:00,14.550000190734863,14.319999694824219,14.460000038146973,8640800
14.239999771118164,14.239999771118164,2017-12-14 14:30:00,14.380000114440918,14.220000267028809,14.300000190734863,7601000
14.40999984741211,14.40999984741211,2017-12-15 14:30:00,14.479999542236328,14.255000114440918,14.289999961853027,20251000
14.899999618530273,14.899999618530273,2017-12-18 14:30:00,14.930000305175781,14.430000305175781,14.449999809265137,12653300
14.800000190734863,14.800000190734863,2017-12-19 14:30:00,14.899999618530273,14.739999771118164,14.880000114440918,9792600
14.710000038146973,14.710000038146973,2017-12-20 14:30:00,14.789999961853027,14.635000228881836,14.789999961853027,9259700
14.720000267028809,14.720000267028809,2017-12-21 14:30:00,14.850000381469727,14.664999961853027,14.710000038146973,7888300
14.710000038146973,14.710000038146973,2017-12-22 14:30:00,14.819999694824219,14.680000305175781,14.710000038146973,4171700
14.739999771118164,14.739999771118164,2017-12-26 14:30:00,14.78499984741211,14.670000076293945,14.6899995803833,2882800
14.670000076293945,14.670000076293945,2017-12-27 14:30:00,14.75,14.609999656677246,14.720000267028809,3260500
14.609999656677246,14.609999656677246,2017-12-28 14:30:00,14.699999809265137,14.555000305175781,14.6899995803833,3686400
14.359999656677246,14.359999656677246,2017-12-29 14:30:00,14.670000076293945,14.359999656677246,14.670000076293945,7097200
14.609999656677246,14.609999656677246,2018-01-02 14:30:00,14.630000114440918,14.380000114440918,14.430000305175781,7155700
14.699999809265137,14.699999809265137,2018-01-03 14:30:00,14.75,14.539999961853027,14.600000381469727,7907200
15.0600004196167,15.0600004196167,2018-01-04 14:30:00,15.069999694824219,14.654999732971191,14.699999809265137,11333500
15.050000190734863,15.050000190734863,2018-01-05 14:30:00,15.1899995803833,14.960000038146973,15.0600004196167,12539400
14.819999694824219,14.819999694824219,2018-01-08 14:30:00,14.970000267028809,14.645000457763672,14.949999809265137,13052100
14.850000381469727,14.850000381469727,2018-01-09 14:30:00,14.979999542236328,14.8100004196167,14.850000381469727,14481200
15.1899995803833,15.1899995803833,2018-01-10 14:30:00,15.3100004196167,14.760000228881836,14.760000228881836,10171300
15.449999809265137,15.449999809265137,2018-01-11 14:30:00,15.489999771118164,15.170000076293945,15.199999809265137,8239900
15.8100004196167,15.8100004196167,2018-01-12 14:30:00,15.869999885559082,15.420000076293945,15.449999809265137,15520700
15.8100004196167,15.8100004196167,2018-01-16 14:30:00,15.914999961853027,15.71500015258789,15.819999694824219,9664400
16.06999969482422,16.06999969482422,2018-01-17 14:30:00,16.100000381469727,15.819999694824219,15.859999656677246,9450300
15.970000267028809,15.970000267028809,2018-01-18 14:30:00,16.100000381469727,15.9399995803833,16.030000686645508,9774600
16.079999923706055,16.079999923706055,2018-01-19 14:30:00,16.09000015258789,15.90999984741211,15.970000267028809,9139500
16.049999237060547,16.049999237060547,2018-01-22 14:30:00,16.079999923706055,15.899999618530273,16.049999237060547,9415500
16.670000076293945,16.670000076293945,2018-01-23 14:30:00,16.719999313354492,16.200000762939453,16.280000686645508,14447000
16.68000030517578,16.68000030517578,2018-01-24 14:30:00,16.889999389648438,16.600000381469727,16.709999084472656,11806000
16.479999542236328,16.479999542236328,2018-01-25 14:30:00,16.84000015258789,16.450000762939453,16.709999084472656,7765500
16.709999084472656,16.709999084472656,2018-01-26 14:30:00,16.84000015258789,16.549999237060547,16.549999237060547,9762400
16.969999313354492,16.969999313354492,2018-01-29 14:30:00,17.065000534057617,16.6200008392334,16.65999984741211,10537100
16.540000915527344,16.540000915527344,2018-01-30 14:30:00,16.9060001373291,16.395000457763672,16.850000381469727,11202300
16.399999618530273,16.399999618530273,2018-01-31 14:30:00,16.690000534057617,16.309999465942383,16.59000015258789,12419400
16.790000915527344,16.790000915527344,2018-02-01 14:30:00,16.8799991607666,16.31999969482422,16.399999618530273,13494800
16.649999618530273,16.649999618530273,2018-02-02 14:30:00,16.93000030517578,16.520000457763672,16.65999984741211,13334000
15.65999984741211,15.65999984741211,2018-02-05 14:30:00,16.649999618530273,15.649999618530273,16.530000686645508,15838100
15.729999542236328,15.729999542236328,2018-02-06 14:30:00,15.8149995803833,14.960000038146973,15.270000457763672,16226800
15.5600004196167,15.5600004196167,2018-02-07 14:30:00,15.78499984741211,15.329999923706055,15.670000076293945,13112600
15.039999961853027,15.039999961853027,2018-02-08 14:30:00,15.680000305175781,15.039999961853027,15.529999732971191,12061000
15.300000190734863,15.300000190734863,2018-02-09 14:30:00,15.414999961853027,14.654999732971191,15.199999809265137,16716000
15.75,15.75,2018-02-12 14:30:00,15.850000381469727,15.359999656677246,15.420000076293945,7683600
15.470000267028809,15.470000267028809,2018-02-13 14:30:00,15.630000114440918,15.3100004196167,15.630000114440918,13734800
16.149999618530273,16.149999618530273,2018-02-14 14:30:00,16.219999313354492,15.350000381469727,15.40999984741211,14008300
16.350000381469727,16.350000381469727,2018-02-15 14:30:00,16.479999542236328,16.040000915527344,16.280000686645508,8201600
16.389999389648438,16.389999389648438,2018-02-16 14:30:00,16.559999465942383,16.209999084472656,16.299999237060547,9443000
16.520000457763672,16.520000457763672,2018-02-20 14:30:00,16.684999465942383,16.40999984741211,16.469999313354492,9037500
16.25,16.25,2018-02-21 14:30:00,16.684999465942383,16.219999313354492,16.600000381469727,10906500
16.40999984741211,16.40999984741211,2018-02-22 14:30:00,16.670000076293945,16.229999542236328,16.43000030517578,16299400
18.139999389648438,18.139999389648438,2018-02-23 14:30:00,18.190000534057617,17.559999465942383,18.010000228881836,45018300
18.549999237060547,18.549999237060547,2018-02-26 14:30:00,18.799999237060547,18.040000915527344,18.040000915527344,25578200
18.81999969482422,18.81999969482422,2018-02-27 14:30:00,19.1299991607666,18.5,18.5,20981300
18.59000015258789,18.59000015258789,2018-02-28 14:30:00,19.06999969482422,18.59000015258789,18.950000762939453,17526900
18.399999618530273,18.399999618530273,2018-03-01 14:30:00,18.834999084472656,18.139999389648438,18.700000762939453,14072000
18.780000686645508,18.780000686645508,2018-03-02 14:30:00,18.799999237060547,18.149999618530273,18.200000762939453,14917400
18.979999542236328,18.979999542236328,2018-03-05 14:30:00,19.100000381469727,18.739999771118164,18.770000457763672,11720600
19.40999984741211,19.40999984741211,2018-03-06 14:30:00,19.475000381469727,19.0,19.010000228881836,11551400
19.149999618530273,19.149999618530273,2018-03-07 14:30:00,19.3799991607666,18.979999542236328,19.239999771118164,11056300
18.950000762939453,18.950000762939453,2018-03-08 14:30:00,19.229999542236328,18.844999313354492,19.200000762939453,10394500
19.075000762939453,19.075000762939453,2018-03-09 17:01:06,19.1200008392334,18.979999542236328,19.06999969482422,3913523
